Price,Close,High,Low,Open,Volume
Ticker,MSFT,MSFT,MSFT,MSFT,MSFT
Date,,,,,
2017-01-03,56.497406005859375,56.73213323984315,56.09114402019544,56.686993784529314,20694100
2017-01-04,56.2446174621582,56.65087943774668,56.082112671922815,56.4071222523936,21340000
2017-01-05,56.2446174621582,56.56962704262899,56.00086027680512,56.14530859657884,24876000
2017-01-06,56.73213577270508,57.012005918417465,56.009894123679395,56.2446213681428,19922900
2017-01-09,56.55158615112305,56.94882172287183,56.46130721786408,56.65992155981792,20382700
2017-01-10,56.533512115478516,56.93977407679353,56.22655901625377,56.63282097756879,18593000
2017-01-11,57.04811477661133,57.0842277196366,56.36198607873013,56.52449087842407,21517300
2017-01-12,56.524505615234375,57.237720928290656,55.928655675649296,56.930767720388,20968200
2017-01-13,56.60574722290039,56.759222075573156,56.289764115289344,56.53352133181671,19422300
2017-01-17,56.4522705078125,56.60574880870498,56.000869007653634,56.58769233542821,20664000
2017-01-18,56.42517852783203,56.605739787905016,56.08211247808533,56.57865336034634,19670100
2017-01-19,56.2446174621582,56.85852368217644,56.15433855376948,56.19045149469281,18451700
2017-01-20,56.64186096191406,56.71408341008944,56.30782137685267,56.57866158437049,30213500
2017-01-23,56.84046936035156,56.98491768558561,56.488376782838564,56.60574212331614,23097600
2017-01-24,57.346046447753906,57.54466420798823,56.82241905947074,57.05714976591496,24672900
2017-01-25,57.4904899597168,57.86966553131125,57.28284570233129,57.73424716027886,23672700
2017-01-26,58.023136138916016,58.266896765606205,57.37312042878059,57.887721221687165,43554600
2017-01-27,59.38638687133789,59.50375568266563,58.58289266261571,59.03429421303676,44818000
2017-01-30,58.7995491027832,59.39540230982722,58.50162938710056,59.3051233993828,31651400
2017-01-31,58.366214752197266,58.817616247747374,58.01412213669539,58.55580255378749,25270500
2017-02-01,57.40020751953125,58.33912332092423,57.30089865385628,58.104392648616184,39671500
2017-02-02,57.03005599975586,57.246730205229014,56.65088044507742,57.1022818828868,45827000
2017-02-03,57.4904899597168,57.50854643130508,56.93977962999359,57.327985159342084,30301800
2017-02-06,57.45439147949219,57.46342143951934,57.00298990791362,57.327999590477496,19796400
2017-02-07,57.264793395996094,57.580773061974796,57.08423211089967,57.544663560091564,20277200
2017-02-08,57.18354034423828,57.60785884283589,57.07520495197166,57.39118461438263,18096400
2017-02-09,57.833553314208984,58.17662283477359,57.16548107665432,57.346042350884176,22644400
2017-02-10,57.779396057128906,58.050239731283,57.76133958259061,58.005096822977066,18170700
2017-02-13,58.429405212402344,58.55579706828879,57.896747915875565,57.996056786620564,22920100
2017-02-14,58.647396087646484,58.783638908516075,58.147841387657216,58.502075493757246,23108400
2017-02-15,58.61105728149414,58.647389158073025,58.27499954993399,58.5838101064592,17005200
2017-02-16,58.601985931396484,59.25594599961616,58.52932909128201,58.80180783330788,20546300
2017-02-17,58.692806243896484,58.75638529606029,58.40215815834812,58.55656343794635,21248800
2017-02-21,58.57472610473633,58.992532295989946,58.538394227723366,58.68372173577522,20655900
2017-02-22,58.4566535949707,58.48390077074757,58.17509020581363,58.42940641919383,19292700
2017-02-23,58.692806243896484,58.79271717295345,58.30224722929116,58.51114685943065,20273100
2017-02-24,58.692806243896484,58.85629622511725,58.25683065077546,58.61105778848762,21796800
2017-02-27,58.33857727050781,58.62014064557399,58.175087294431414,58.62014064557399,15871500
2017-02-28,58.111507415771484,58.31132581186448,57.911685554879966,58.20233710926696,23239800
2017-03-01,58.98345947265625,59.02886912553459,58.14784009044343,58.24775102821238,26937500
2017-03-02,58.13875961303711,58.81088203890884,58.020682740730436,58.75638768615085,24539600
2017-03-03,58.356746673583984,58.38399385123292,57.78453168936471,58.120596382762656,18135900
2017-03-06,58.374908447265625,58.63830937736911,57.95710569074081,58.102429744453296,18750300
2017-03-07,58.492977142333984,58.83811953568308,58.30224000946243,58.30224000946243,18521000
2017-03-08,59.02886962890625,59.11061809214049,58.35674716603613,58.365831868528296,21510900
2017-03-09,58.7927360534668,59.21962015245653,58.56566694716198,59.21054237751576,19846800
2017-03-10,58.9743766784668,59.274109501472054,58.81088667770009,59.137866679233504,19538200
2017-03-13,58.7745475769043,59.210523168595145,58.64738947299383,59.04703318791069,20100000
2017-03-14,58.50206756591797,58.62922566693851,58.265913837052615,58.61105626416599,14280200
2017-03-15,58.810890197753906,58.96529550505371,58.35675204950871,58.62923771029511,24833800
2017-03-16,58.71097946166992,58.81997511229565,58.40216884596103,58.81089040901061,20674300
2017-03-17,58.919883728027344,59.25594151069445,58.74730902043205,58.956215610131515,49219700
2017-03-20,58.9743766784668,59.20144573899845,58.78363949917193,58.95621420264729,14598100
2017-03-21,58.32040786743164,59.49208487437164,58.24774411593224,59.210521499307404,26640500
2017-03-22,59.06520080566406,59.165111743094826,58.23867305826125,58.23867305826125,20680000
2017-03-23,58.919883728027344,59.25594151069445,58.82905055796795,58.983462789310146,19269200
2017-03-24,59.01979064941406,59.44667464345189,58.81996877625732,59.3649331114864,22617100
2017-03-27,59.1287727355957,59.237768362271744,58.44756566046304,58.701881859777096,18614700
2017-03-28,59.30134963989258,59.464839621250164,58.72005346830938,59.001616852470846,20080400
2017-03-29,59.46483612060547,59.492083294294886,58.99252867800035,59.14694087823465,13618400
2017-03-30,59.682830810546875,59.9280692755588,59.36493551293676,59.41942986978485,15122800
2017-03-31,59.81907272338867,60.118805540694616,59.44667614499081,59.62833554772062,21040300
2017-04-03,59.537513732910156,59.891740932544096,59.21053371330988,59.773660579600666,20400900
2017-04-04,59.70100402832031,59.77366086555828,59.292275537065514,59.3921864840657,12997400
2017-04-05,59.54658508300781,60.26412410808267,59.437596374630196,60.21871445612447,21448600
2017-04-06,59.70100402832031,60.000729939722646,59.47393495415594,59.58292367481199,18103500
2017-04-07,59.65557861328125,59.909894829973645,59.43759427463023,59.80998389775918,14108500
2017-04-10,59.519344329833984,59.782745286171135,59.364939023235785,59.592008096326616,17952700
2017-04-11,59.47393035888672,59.59200377367386,58.90171190126225,59.58291907112172,18791500
2017-04-12,59.24685287475586,59.50116907325947,59.13785724842715,59.41942062111377,17108500
2017-04-13,58.99252700805664,59.81906154442001,58.99252700805664,59.30134447018677,17896500
2017-04-17,59.47393035888672,59.48300813184118,59.047039423705826,59.07428660176458,16689300
2017-04-18,59.39218521118164,59.682833342698984,59.18328554800252,59.33769085202154,15155600
2017-04-19,59.07427215576172,59.71914728731274,58.938029369187056,59.62832107279496,26992800
2017-04-20,59.4920768737793,59.71914586948075,59.16509696560155,59.45574500291557,22299500
2017-04-21,60.30952835083008,60.58200699562478,59.446661984990165,59.64648381559722,32522600
2017-04-24,61.335899353027344,61.45397971067181,60.94534025460013,61.290489694362776,29770000
2017-04-25,61.690101623535156,61.799097233537005,61.39945359312587,61.67193915333267,30242700
2017-04-26,61.60837936401367,62.04434808105701,61.417642184107486,61.83544842527311,26190800
2017-04-27,62.00800704956055,62.107917976139284,61.38130124509017,61.89901835118142,34971000
2017-04-28,62.18057632446289,62.79820430345933,61.481206828785666,62.58930469665541,39548800
2017-05-01,63.04343795776367,63.170596038296146,62.2169035047069,62.38039345533375,31954400
2017-05-02,62.94353485107422,63.31592443891759,62.78912265163035,63.31592443891759,23906100
2017-05-03,62.743717193603516,63.01619587688686,62.407652528330686,63.01619587688686,28928000
2017-05-04,62.49850082397461,62.74373934807871,62.344095489301324,62.69832275336331,21749400
2017-05-05,62.671043395996094,62.69829056699814,62.20782070017362,62.58021718279064,19128800
2017-05-08,62.616580963134766,62.71649192745374,62.14427332642703,62.64382814802187,18566100
2017-05-09,62.707393646240234,62.925378007742,62.380413639188625,62.543903642714426,22858400
2017-05-10,62.952640533447266,63.179709653166356,62.598413261053466,62.66199233739082,17977800
2017-05-11,62.18057632446289,62.42581473369764,61.87176579976277,62.089750107174396,28789400
2017-05-12,62.1079216003418,62.31682816708684,61.799111030785085,62.31682816708684,18714100
2017-05-15,62.15336227416992,62.19877887181507,61.37224391595263,61.88996125294782,31530300
2017-05-16,63.404815673828125,63.432219030281146,62.26296269283555,62.32690618099843,34956000
2017-05-17,61.641788482666016,63.121625343793895,61.59611158007845,62.92979489769646,30548800
2017-05-18,61.85189437866211,62.235555325879496,61.33120967334771,61.568717056094684,25201300
2017-05-19,61.83362579345703,62.208149952850235,61.59611841840426,61.66006190753566,26961100
2017-05-22,62.527862548828125,62.57353945294397,61.66005712516376,62.016314675452676,16237600
2017-05-23,62.73797607421875,62.801919568097176,62.46392854655798,62.77451620919472,15425800
2017-05-24,62.82018280029297,62.920666423787885,62.527868705394404,62.91153661751945,14593900
2017-05-25,63.596641540527344,63.83414192549483,62.948069930530856,63.002876639474586,21854100
2017-05-26,63.9072265625,64.1447339330583,63.50529208452709,63.76107300553007,19827900
2017-05-30,64.31829833984375,64.31829833984375,63.73366319924722,63.7519367498408,17072800
2017-05-31,63.7975959777832,64.61973138354152,63.77019262581065,64.42790095041731,30436400
2017-06-01,64.03511047363281,64.50098841723025,63.44134556031328,64.16299744335491,21603600
2017-06-02,65.55150604248047,65.642852898465,64.16300874196948,64.3457094232569,34770300
2017-06-05,66.02650451660156,66.58372931924009,65.59716668807836,65.74332721239153,33316800
2017-06-06,66.24571990966797,66.33707369661532,66.0173493809305,66.04475969860397,31511100
2017-06-07,66.12699890136719,66.47411974915222,65.72506436338139,66.3553695308012,22301800
2017-06-08,65.72505950927734,66.24574422715914,65.31399519438256,66.2366144205654,24588300
2017-06-09,64.23606872558594,65.84379936652336,62.655741435856726,65.80725924180703,49187400
2017-06-12,63.7427978515625,63.88895837417308,62.235550566398125,63.25865331672025,47761700
2017-06-13,64.53754425048828,64.69283461303401,63.90723905397828,63.96204577738999,25258600
2017-06-14,64.19041442871094,64.94860660257162,63.423092447443715,64.77504966070515,25510700
2017-06-15,63.852420806884766,64.13559811916431,62.84759156620861,63.276922437648786,26068700
2017-06-16,63.943782806396484,63.971186169651006,63.231267484502006,63.69714556778656,48345100
2017-06-19,64.73851013183594,64.80245363087612,64.26349530812149,64.40051908301291,23798300
2017-06-20,63.861572265625,64.73851473017264,63.82503212510395,64.69283781219153,21512200
2017-06-21,64.19041442871094,64.51013889022424,63.8889704899666,64.13560770699718,19891100
2017-06-22,64.18126678466797,64.48271063963794,63.678848744190184,64.4370407073415,22965700
2017-06-23,65.049072265625,65.08561239311108,63.87067928913699,64.02596960396525,27617300
2017-06-26,64.42789459228516,65.50580380250119,64.34568454448049,65.222626567642,19607000
2017-06-27,63.222110748291016,64.1081897168288,63.19470739368751,64.04424623298159,25215100
2017-06-28,63.76106262207031,63.79759577837527,62.838443615752176,63.22210448080141,25806200
2017-06-29,62.56440353393555,63.47788587420923,62.19900920396264,63.37740225923375,28918700
2017-06-30,62.966339111328125,63.37740338401975,62.79277523341432,62.82931536399182,24161100
2017-07-03,62.27210235595703,63.57838265175909,62.135078582684635,63.331745435323676,16165500
2017-07-05,63.103355407714844,63.432209574765494,62.31776011635123,62.354300242614244,21176300
2017-07-06,62.637489318847656,62.829319790907824,62.22642501719269,62.36344180486582,21117600
2017-07-07,63.45049285888672,63.797613695802816,62.756244215736224,62.756244215736224,16878300
2017-07-10,63.92551803588867,64.17215528150207,63.212995724442244,63.45050316159105,15014500
2017-07-11,63.93461608886719,64.56492102583199,63.71538231617699,63.94375286211311,17460000
2017-07-12,64.9942855834961,65.11303580742468,64.44619744097506,64.57408444191934,17750900
2017-07-13,65.56063079833984,65.80727495674522,65.14042971773132,65.31399360925231,20269800
2017-07-14,66.48323822021484,66.93084257925274,65.7341830406892,65.98995696013944,25868100
2017-07-17,67.00390625,67.09525306015047,66.42841507366865,66.50149530951497,21803900
2017-07-18,66.958251953125,67.04046201064824,66.37362386857134,66.76641454693775,26435300
2017-07-19,67.46980285644531,67.6342299482941,67.09527177027763,67.14094867274774,22416200
2017-07-20,67.7986831665039,67.87176345089097,66.94000724825473,67.76214302431038,42361000
2017-07-21,67.40587615966797,67.86261742083717,66.83951448686348,67.09528847802727,46717100
2017-07-24,67.2322998046875,67.36932355153714,66.80296198357338,67.1683563187333,21394800
2017-07-25,67.77127075195312,67.88088419457632,67.14096557959539,67.41501312479055,22018700
2017-07-26,67.64337921142578,67.9448231277058,67.4241384022718,67.90828299284681,16252200
2017-07-27,66.83038330078125,67.9813662372725,66.063054373802,67.37847140901304,36844200
2017-07-28,66.72075653076172,66.96739371669207,66.2640153225577,66.38276552773635,18306700
2017-07-31,66.41014862060547,67.0861304203857,66.14524493368002,66.95824347865768,23600100
2017-08-01,66.30056762695312,67.0678896523279,66.21835057033782,66.77557550418717,22132300
2017-08-02,66.00826263427734,66.28230326592725,65.25920709018892,66.27317345672958,26499200
2017-08-03,65.90774536132812,66.17265604865878,65.63369790014015,65.94428548744095,18214400
2017-08-04,66.39189147949219,66.72074565333168,65.98995705161802,66.13611755968739,22579000
2017-08-07,66.1361312866211,66.59287251516224,66.00824430017502,66.50152566331762,18705700
2017-08-08,66.49236297607422,66.80294354518006,65.54234075460255,65.8529213237084,22044600
2017-08-09,66.2000732421875,66.23661337594022,65.81641229176073,65.99910599120646,22213400
2017-08-10,65.23177337646484,65.94428844432235,65.1769597001796,65.67937774511336,24734500
2017-08-11,66.2274398803711,66.41013347852237,65.11299081143184,65.41444152076407,21443700
2017-08-14,67.22315216064453,67.34190930772746,66.63852410664224,66.73900770679728,20096600
2017-08-15,67.24151611328125,67.58130076528101,67.07621301004325,67.58130076528101,19181400
2017-08-16,67.63642883300781,68.04968322451191,67.19561807648073,67.35173577936456,18150400
2017-08-17,66.48848724365234,67.83846176507465,66.48848724365234,67.57213964123056,22977500
2017-08-18,66.5711441040039,66.89256498334625,66.05687069705617,66.36910612086024,18761500
2017-08-21,66.25889587402344,66.56195279016566,65.84563453207086,66.55276733640271,17734800
2017-08-22,67.18643951416016,67.25990213474921,66.44257180168331,66.44257180168331,14343700
2017-08-23,66.78235626220703,67.17724670625356,66.60786766870206,67.00275811274857,13766500
2017-08-24,66.75480651855469,66.91092420317852,66.18542748431379,66.80071977532428,17098300
2017-08-25,66.87417602539062,67.36089988983004,66.56194071856046,66.91091082733189,12794300
2017-08-28,66.88337707519531,67.12214283382492,66.6262404080873,67.09459347755602,14569700
2017-08-29,67.08540344238281,67.18642240221934,66.16705435764902,66.35072137201678,11478400
2017-08-30,67.96703338623047,68.15070044292504,66.88338093625461,67.04868408985938,16897800
2017-08-31,68.66499328613281,68.83948194400705,67.77420010136446,67.98541657583749,27652800
2017-09-01,67.90274810791016,68.63742332915136,67.62724052091409,68.60987397174155,21736200
2017-09-05,67.5997085571289,67.8568453010479,67.02115088331118,67.35175026374218,21556000
2017-09-06,67.40684509277344,67.99458812847749,67.36092482173889,67.7190805151695,16535800
2017-09-07,68.27008819580078,68.50886099168406,67.59051162984794,67.66398126034274,17471200
2017-09-08,67.93948364257812,68.36192347573612,67.81090829588311,68.26090449319301,14703800
2017-09-11,68.65579986572266,68.82110303017947,68.24253845135583,68.24253845135583,17910400
2017-09-12,68.58231353759766,69.09658681005108,68.29762754841063,68.6557831497904,14394900
2017-09-13,69.06904602050781,69.08741692905761,68.46293916089019,68.81190935240042,13380800
2017-09-14,68.66499328613281,69.32620608812874,68.43540589690929,68.87621676705693,15733900
2017-09-15,69.16090393066406,69.23437357787186,68.02215242474787,68.72010006031962,38578400
2017-09-18,69.02310943603516,69.76696983259768,68.91290504132553,69.08739358133752,23307000
2017-09-19,69.28028106689453,69.5282323223745,68.88539054413022,69.06905762178575,16093300
2017-09-20,68.82109069824219,69.38128426594072,68.24252622309055,69.19761022365118,21587900
2017-09-21,68.15069580078125,69.09659439058092,68.05886227868928,68.97721151250622,19186100
2017-09-22,68.33439636230469,68.42622992002424,67.82011582746277,67.94868420956041,14111400
2017-09-25,67.27827453613281,68.18743841992598,66.96603211752289,68.04049916259204,24149200
2017-09-26,67.27827453613281,67.78336246870705,67.03031629099412,67.65479412176455,18019600
2017-09-27,67.82008361816406,68.1139550671712,67.19560591321788,67.54458307584687,19565100
2017-09-28,67.83847045898438,67.93030399466028,67.32419004758992,67.5354134854492,10883800
2017-09-29,68.4078140258789,68.45373427777139,67.84762058373494,67.90272628729527,17079100
2017-10-02,68.5180435180664,68.8853846483875,68.23335747013098,68.60987704903435,15304800
2017-10-03,68.1966323852539,68.7660045623503,68.13234820376076,68.57315201787085,12190400
2017-10-04,68.59152221679688,68.61907157908578,67.69153667880764,68.04050694521763,13317700
2017-10-05,69.76699829101562,69.90475208898175,68.83946352492285,69.07823630763419,21195300
2017-10-06,69.79454803466797,69.82209739312346,69.3721081899689,69.4914910787591,13959800
2017-10-09,70.06086730957031,70.29964008382703,69.66597683948955,69.76699582065781,11386500
2017-10-10,70.06086730957031,70.37310270121843,69.92311351648186,70.0976021214905,13944500
2017-10-11,70.18023681640625,70.2169716213244,69.74861161667745,70.12513811225283,15388900
2017-10-12,70.82311248779297,70.9792302135858,70.13435039658313,70.24454784704851,16876500
2017-10-13,71.16287994384766,71.51185713573251,70.9792129002388,71.25471346565209,15335700
2017-10-16,71.30982971191406,71.45676196720417,71.03432209937687,71.0986062747756,12380100
2017-10-17,71.25470733642578,71.28226369640049,70.94247198785905,71.14450992231893,16824000
2017-10-18,71.27308654785156,71.4934884081946,71.05268468750853,71.32818526132512,13300700
2017-10-19,71.54859924316406,71.5669631468185,71.03431885699906,71.23635682944432,15092800
2017-10-20,72.3751220703125,72.52206135385013,71.83329922678146,71.92513277576715,22866400
2017-10-23,72.39346313476562,72.8618161434169,72.32917897633617,72.54039535126962,20627200
2017-10-24,72.4210433959961,72.73327886835577,72.05370218828708,72.45777821741207,17517200
2017-10-25,72.20977783203125,72.64140297400314,71.64040594810807,72.16386458686306,20410800
2017-10-26,72.32918548583984,72.93529231894506,72.32000003196674,72.73325437242718,32120700
2017-10-27,76.96685791015625,79.16171232832785,76.78319084004256,77.48113831808384,71066700
2017-10-30,77.04032135009766,77.44439727961718,76.32401002518507,76.86583274299622,31756700
2017-10-31,76.38832092285156,77.47197374408414,76.32403673033996,77.47197374408414,27086600
2017-11-01,76.38832092285156,76.92096537877723,76.11281323697236,76.84749572834924,22307400
2017-11-02,77.18724822998047,77.5637677350539,76.3331832471945,76.54439962635942,23992900
2017-11-03,77.26993560791016,77.63727685311976,76.59035885846586,77.21483687338674,17633500
2017-11-06,77.5729751586914,77.78419159767755,77.21481945219323,77.32501689637733,19860900
2017-11-07,77.38932037353516,77.967885125583,77.07708486188213,77.84849518934371,17939700
2017-11-08,77.6556167602539,77.70153702913113,76.98522567592215,77.26991172490281,18034200
2017-11-09,77.22399139404297,77.38929455283923,76.13116046142535,77.24236230415883,21178400
2017-11-10,77.0219497680664,77.23316616002134,76.4342068417899,76.94848015066975,19397800
2017-11-13,77.0770492553711,77.08623470925042,76.64542400687237,76.82909805221672,14196900
2017-11-14,77.18724822998047,77.23316148323688,76.20461492775988,76.6821533990245,18801300
2017-11-15,76.58734130859375,77.24264306819235,76.3196816532698,77.0395904302475,19383100
2017-11-16,76.79039001464844,76.99344266081621,76.5504251070293,76.69809527774592,20962800
2017-11-17,76.05203247070312,76.71656590761893,75.90435524399395,76.71656590761893,22079000
2017-11-20,76.1720199584961,76.22739540134428,75.9135918363536,76.05203748511228,16315000
2017-11-21,77.27031707763672,77.38106792113471,76.36581195313511,76.36581195313511,21237500
2017-11-22,76.70729064941406,77.43643069749044,76.6426836599204,77.37182370799677,20553100
2017-11-24,76.84575653076172,77.00265825507434,76.40273202734514,76.61501621560707,7425600
2017-11-27,77.40876770019531,77.51029400775145,76.88268003451167,76.89190457764515,18265200
2017-11-28,78.34095001220703,78.50708332236556,77.54720275718687,77.59335363731144,21926000
2017-11-29,76.91958618164062,78.37786662742108,76.77191604523657,78.18404561247083,27381100
2017-11-30,77.68566131591797,78.00869640577368,76.91960164451957,77.0765104381382,33054600
2017-12-01,77.76873779296875,78.2763623918852,76.80885699005437,77.15957982430413,29532100
2017-12-04,74.83372497558594,77.92564479329113,74.48299507613397,77.91641320603242,39094900
2017-12-05,75.30438995361328,76.3104211766507,74.74139018196576,75.07364968723996,26152300
2017-12-06,76.40274810791016,76.7350147949962,75.156751552156,75.26750946173037,26162100
2017-12-07,76.13508605957031,76.42120888994522,75.68283693248573,76.18123694752535,23184500
2017-12-08,77.67642974853516,78.06407182131326,76.91037014640015,77.18725432339758,24489100
2017-12-11,78.66398620605469,78.793200210776,77.63949871031056,77.79640042438143,22857900
2017-12-12,78.98702239990234,79.4208152972307,78.52554179281009,78.7378189287568,23924100
2017-12-13,78.7747573852539,79.37468372874038,78.60862404462131,79.1347117830184,22062700
2017-12-14,78.16561126708984,79.25470611288621,78.01793404789971,78.84860080175073,19306000
2017-12-15,80.1592025756836,80.3807113576943,78.34096734598765,78.69169721261157,53936700
2017-12-18,79.72539520263672,80.75911440197089,79.58695663982782,80.40839164012841,22283800
2017-12-19,79.2177734375,79.69771023558813,78.70091029920948,79.69771023558813,23524800
2017-12-20,78.931640625,79.65155629329672,78.18404428833395,79.55925453776757,23674900
2017-12-21,78.91319274902344,79.46696813191744,78.82089802548043,79.42082429096396,17990700
2017-12-22,78.92243194580078,79.03318280807969,78.37788105359485,78.82090562762063,14145800
2017-12-26,78.8208999633789,78.9408824027711,78.47940173207408,78.73782978100262,9891200
2017-12-27,79.10701751708984,79.35622102822518,78.65476842122473,79.05164208867593,14678000
2017-12-28,79.11624145507812,79.31006247742864,78.9593397286471,79.28237476589796,10594300
2017-12-29,78.95010375976562,79.42081595455342,78.91318446589646,79.03316688974479,18717400
2018-01-02,79.32852172851562,79.66078836323989,78.91319195592828,79.49465504587775,22483800
2018-01-03,79.69770812988281,79.8453853202458,79.34698536522477,79.43004850357693,26061400
2018-01-04,80.39916229248047,80.90679384235766,79.90076232759272,79.91921845593546,21912000
2018-01-05,81.39595794677734,81.5990105560625,80.69450539878386,80.90678959257355,23407100
2018-01-08,81.47901916503906,81.75591036057313,80.8514052245794,81.4051805740119,22113000
2018-01-09,81.42363739013672,81.8943495691667,81.09137079807263,81.82051098390022,19484300
2018-01-10,81.05447387695312,81.39597214683984,80.67606334588022,81.0913931797763,18652200
2018-01-11,81.29441833496094,81.34056216665873,80.51912732111096,81.34056216665873,17808900
2018-01-12,82.69731903076172,82.86345232223778,81.63591228197768,81.83896486507453,24271500
2018-01-16,81.54363250732422,83.79566041717513,81.22982903353117,83.15881484294833,36599700
2018-01-17,83.19574737548828,83.32496141956172,81.91283147958963,82.21741045846443,25621200
2018-01-18,83.15880584716797,83.68489346933865,82.75270769216796,82.88192170170916,24159700
2018-01-19,83.06651306152344,83.62951999116017,82.75270961438719,83.19572707406607,36875000
2018-01-22,84.55248260498047,84.56171418934905,82.82654249311263,83.06651439524578,23601600
2018-01-23,84.82014465332031,85.18933058066813,84.48787802287086,84.82014465332031,23412800
2018-01-24,84.7463150024414,86.23228341163829,84.52480623931218,85.42007991907342,33277500
2018-01-25,85.21702575683594,86.0569169495208,84.84783979715223,85.34623978647977,26383200
2018-01-26,86.8137435913086,86.8137435913086,85.44776471674217,85.94616469799307,29172200
2018-01-29,86.68450927734375,88.09663870626166,86.49991986451012,87.81052300387913,31569900
2018-01-30,85.5954360961914,86.44456591432663,85.00474137848475,86.11229925541208,38635100
2018-01-31,87.6905517578125,88.05050608782551,86.30610986033611,86.52761859227435,48756300
2018-02-01,86.99836730957031,88.66892564675753,86.37075310439766,87.4875358585828,47227900
2018-02-02,84.70940399169922,86.73069189777115,84.45097590248473,86.4261129176381,47867800
2018-02-05,81.2206039428711,86.05691975144741,81.2206039428711,83.58338289515814,51031500
2018-02-06,84.29402923583984,84.43247479320715,78.68242470473584,80.19608017091562,67998600
2018-02-07,82.70658111572266,84.70017430702471,82.3281635182779,83.51878470601054,41107600
2018-02-08,78.4609603881836,82.95577846109653,78.23022000935603,82.79887669348679,55628700
2018-02-09,81.38671875,82.07893964874405,77.3718389456115,79.65155423213687,63499100
2018-02-12,82.26353454589844,82.86346077305846,81.15598385086116,81.90358021792954,35720300
2018-02-13,82.90962219238281,83.06652393649232,81.03601172358822,82.07895554469059,26407700
2018-02-14,84.20783233642578,84.37474606758151,81.98232535396826,82.07505363245163,34960900
2018-02-15,85.92333221435547,85.97896776319378,84.03164573200189,84.57874749481522,27823900
2018-02-16,85.31131744384766,86.70226283695386,85.12586088798581,85.72859823189387,30596900
2018-02-20,85.97897338867188,86.29425095233542,84.39329647060795,84.82912716426043,30911700
2018-02-21,84.8384017944336,86.57244975678518,84.8384017944336,86.22007943850997,26922500
2018-02-22,85.06095123291016,85.98824817088068,84.71784881896396,85.35768597007215,24392800
2018-02-23,87.22151947021484,87.23079441751032,85.64511801615309,86.7949638658771,26329200
2018-02-26,88.48265838623047,88.5104761580966,87.39772283517325,87.53681876921694,30199800
2018-02-27,87.35138702392578,88.87215375476649,87.35138702392578,88.77942545648901,25869100
2018-02-28,86.95262145996094,88.75157959111142,86.82280046850816,87.94482879447196,31167300
2018-03-01,86.09951782226562,87.6944696606065,85.1629459498047,87.15663574773079,37135600
2018-03-02,86.28498077392578,86.37770905048652,84.25419826608986,84.92185317686956,32830400
2018-03-05,86.83207702636719,87.41627149872679,85.55240991203559,85.62658828373029,23901600
2018-03-06,86.53533935546875,87.62027494190313,86.1829691091528,87.48117900332385,22175800
2018-03-07,87.03608703613281,87.11027248558355,85.71005219473469,86.38698204022346,26716100
2018-03-08,87.56464385986328,88.18593106584501,86.95262452880282,87.4162729645588,25887800
2018-03-09,89.52125549316406,89.52125549316406,88.09321722807994,88.36213421384723,36937300
2018-03-12,89.73452758789062,90.14254053184827,89.05760473964963,89.48416051073504,26073700
2018-03-13,87.54611206054688,90.17035716063124,87.13809912178957,89.94780786436115,35387800
2018-03-14,87.02684020996094,88.47342864287606,86.70228760712348,88.204511607749,32132000
2018-03-15,87.33282470703125,87.70374489209105,86.08097527282926,86.73008029064835,27611000
2018-03-16,87.72227478027344,88.44556514337503,87.09171268108251,87.7964602212872,49081300
2018-03-19,86.13661193847656,87.07318382605493,85.41332145934811,86.92481292022643,33344100
2018-03-20,86.35916900634766,86.95263853372468,86.23862294053242,86.28499062146165,23075200
2018-03-21,85.75640106201172,87.21225658330683,85.50602699370368,86.17368174290873,24457100
2018-03-22,83.26199340820312,85.07949456854921,83.14144735244182,84.63438892278226,38604700
2018-03-23,80.84173583984375,83.88326823193742,80.74900757417518,82.99306414703535,44068900
2018-03-26,86.9619140625,87.1659205404,83.82765265805105,84.02238418476063,56396800
2018-03-27,82.96525573730469,88.22302752336056,82.07505155194448,88.03757097109492,56569000
2018-03-28,82.89107513427734,84.59730522870628,82.40888382535805,83.28981311221065,52501100
2018-03-29,84.6343994140625,85.58024637554661,81.97306138405932,83.6236490161889,45867500
2018-04-02,82.08431243896484,84.27273352801399,81.14774773263018,83.89254550582275,48515400
2018-04-03,83.18782043457031,83.5031051215195,81.50014002715612,83.06727436072475,37213800
2018-04-04,85.6173324584961,86.0160704456658,81.3517677356875,81.4630388462463,35560000
2018-04-05,85.66368103027344,86.30351812497034,84.75493407302203,85.71932365245158,29771900
2018-04-06,83.66999816894531,85.73786618953994,82.97452552911318,84.83838711006955,38026000
2018-04-09,84.17072296142578,86.39623657839894,84.03163410856908,84.42109704599338,31533900
2018-04-10,86.12733459472656,86.49825477427584,84.97748840536642,85.67296108900355,26812000
2018-04-11,85.1814956665039,86.507530545549,84.82912538367964,85.3205916194946,24872100
2018-04-12,86.77645111083984,87.31428504492737,85.7100581931737,85.7100581931737,26758900
2018-04-13,86.31279754638672,87.33282272612917,85.71932809363788,87.21227667547247,23346100
2018-04-16,87.32353973388672,87.7779202689205,86.62806711974353,87.23081146694362,20288100
2018-04-17,89.08541107177734,89.52124173778734,87.98192551951492,88.09320369212824,26771000
2018-04-18,89.42852783203125,89.68816986846213,88.57540918769637,89.22452135348846,21043300
2018-04-19,89.12252044677734,90.0127247698599,88.40849775318978,89.42853017260059,23552500
2018-04-20,88.09321594238281,89.122516189371,87.21228661284488,88.93705961727292,31154400
2018-04-23,88.41776275634766,89.28942415314572,87.75010782047802,88.77940800082466,22331800
2018-04-24,86.34989166259766,89.45633492696753,85.6915116989329,89.24305352267785,34524800
2018-04-25,85.59878540039062,86.51681454128371,83.71637358728456,86.51681454128371,33729300
2018-04-26,87.40702819824219,88.23232206610132,86.33136014704142,86.7486480943723,42529000
2018-04-27,88.85359954833984,90.78237903430274,87.08246593145121,90.50418710037384,48272800
2018-04-30,86.72078704833984,89.39140615768173,86.37769178616821,89.32649566959148,41523600
2018-05-01,88.09321594238281,88.36213292422534,86.04389039942578,86.43335344566057,31408900
2018-05-02,86.71154022216797,88.25084948824724,86.41480547962772,88.0839357533987,27471000
2018-05-03,87.2308120727539,88.02828790848689,85.72858866887505,86.20151203069653,31142500
2018-05-04,88.2416000366211,88.43633158881703,86.16444933043294,86.53536960473195,22531300
2018-05-07,89.2245101928711,89.67888369978998,88.18593510234251,88.25084560333093,24242000
2018-05-08,88.84431457519531,89.16887415307197,88.1488418935407,88.8814073005159,23484600
2018-05-09,89.89215087890625,89.91996864996901,88.139560554824,89.0297646023965,27327400
2018-05-10,90.7916488647461,90.82873451744456,89.99417291215634,90.37436098738763,22388100
2018-05-11,90.59690856933594,90.75455442654729,89.98489626534715,90.68964392347705,16778300
2018-05-14,90.90290069580078,91.51491995625868,90.23524589337867,90.80089748572446,19454100
2018-05-15,90.24452209472656,90.73598825480074,89.33576813998931,90.17033665460251,24594000
2018-05-16,90.47738647460938,90.71021556635804,89.98378993696299,90.67296205903266,17384700
2018-05-17,89.57398986816406,90.84058043279074,89.24803062845392,90.11415495418572,17246700
2018-05-18,89.74162292480469,90.27247283510111,89.41566370012761,89.41566370012761,17865800
2018-05-21,90.89645385742188,91.27829688546434,90.15140520853001,90.3376655944084,19422500
2018-05-22,90.80332946777344,91.42730961626108,90.5239317657211,90.97096666792909,15441200
2018-05-23,91.88365173339844,91.94884357752912,89.70436831961347,90.06758103768128,21251200
2018-05-24,91.55767822265625,92.14441187916835,90.16070415344085,91.9488363621235,26649300
2018-05-25,91.60425567626953,92.18167423834214,91.13859760841757,91.54837898184833,18363900
2018-05-29,91.27828216552734,92.08852252935156,90.55185683021855,91.11995304714746,28671000
2018-05-30,92.15373229980469,92.43312999332129,91.18516973447173,91.55769051865587,22158500
2018-05-31,92.05128479003906,93.12229978285404,91.83708605470308,92.4703813204684,34140900
2018-06-01,93.86736297607422,93.9325548274741,92.35862813676114,92.46107348972937,28655600
2018-06-04,94.68689727783203,94.86384959391327,93.92321843185965,94.30506140753448,27281600
2018-06-05,95.17120361328125,95.3015873112913,94.55653151805218,94.99425126367676,23514400
2018-06-06,95.4505844116211,95.55302975031306,94.90111132716234,95.44127636656032,21122900
2018-06-07,93.95118713378906,95.63687449262822,93.48552897710923,95.59962098744829,28232200
2018-06-08,94.649658203125,94.94767908828446,93.63452700552443,94.14674662715998,22165100
2018-06-11,94.1094970703125,94.61240152399445,93.7555923961342,94.07224357274751,23490900
2018-06-12,94.35162353515625,94.48200720928102,93.83008883865716,94.15604802396909,18325200
2018-06-13,93.9232406616211,95.00357090230641,93.65315810144976,94.73348834213508,29492900
2018-06-14,94.4540786743164,95.02218207287444,94.06292761132244,94.66828450712438,25691800
2018-06-15,93.2527084350586,94.55655281419111,93.19683172486357,94.53792961258618,65738600
2018-06-18,93.93254089355469,94.16536991478492,92.59144345754764,93.14092364244748,23586000
2018-06-19,93.93254089355469,94.06292457701339,92.665950449632,92.80564928344572,28653100
2018-06-20,94.8731918334961,95.47854173012041,94.17470462473325,94.40753369432086,26180800
2018-06-21,94.19332122802734,95.42265834515018,93.95117702310623,95.06876074209532,23198200
2018-06-22,93.51345825195312,93.84872552979334,92.78702568472731,93.51345825195312,38923100
2018-06-25,91.63220977783203,93.23407494351245,90.61707842596446,93.1316295825413,35433300
2018-06-26,92.27481842041016,93.20613469730883,91.96748234374257,92.0326741989103,26897200
2018-06-27,90.8405990600586,93.15025966536386,90.71021533743878,92.74048529657873,31298400
2018-06-28,91.85569763183594,92.30273245333625,90.57979921608184,90.69155259242385,26650700
2018-06-29,91.83708190917969,93.04779569081953,91.57631453599646,92.13510277930023,28053200
2018-07-02,93.14091491699219,93.18747645364964,91.26896777215964,91.3620979508517,19564500
2018-07-03,92.24687194824219,93.71834613611627,92.14442659837151,93.57865439118233,14670300
2018-07-05,92.9080810546875,93.05708791172025,92.22821728560335,92.66593691846039,18977400
2018-07-06,94.21194458007812,94.46339681270499,92.8242784090204,93.02916909765327,19234600
2018-07-09,94.85456085205078,95.22708878180853,94.2957725101038,94.66830043986154,18212000
2018-07-10,95.10600280761719,95.46921551863637,94.86385863181174,94.99424231754283,19293100
2018-07-11,94.97563934326172,95.31090667411101,94.15607645231162,94.20264510943542,19644600
2018-07-12,97.03382110595703,97.23871177293637,95.6741005314494,95.71134692055696,24335900
2018-07-13,98.18866729736328,98.3469893461484,96.94069989396709,97.20147439861044,24635200
2018-07-16,97.70439147949219,98.55188557463602,97.34117160399725,98.1607344538004,21786900
2018-07-17,98.67294311523438,99.18516983918431,97.15490035074926,97.42498288652483,25901700
2018-07-18,97.89995574951172,98.76608004883498,97.52742787032504,98.66363470442418,29493900
2018-07-19,97.22942352294922,98.07691766448046,96.75445021857749,97.72302002702713,40171600
2018-07-20,98.9709701538086,100.76841071684879,98.79402490620359,100.6566573194938,56004000
2018-07-23,100.55419158935547,100.71251360710764,98.84056642162611,98.99889554475563,29707000
2018-07-24,100.2655029296875,101.3458259991686,99.89297503817112,101.11299695514317,26316600
2018-07-25,103.21776580810547,103.51578667802642,100.20961165717819,100.5448860240115,30702100
2018-07-26,102.09090423583984,103.3761182835909,101.97914371219102,103.13397403504182,31372100
2018-07-27,100.28411865234375,102.61240891906294,98.84989099539938,102.61240891906294,37005300
2018-07-30,98.1327896118164,100.1444288897478,97.56468616682858,99.82778479536306,34668300
2018-07-31,98.79401397705078,99.39005571493584,98.14208844129165,99.17584988473747,27655200
2018-08-01,98.98027801513672,99.1386000533145,98.1793455679831,98.74744898062411,23628700
2018-08-02,100.18167114257812,100.66595238120148,97.6391751000164,98.1607169401237,26104300
2018-08-03,100.61941528320312,100.628730435837,99.48320824477557,100.39590135764708,18659600
2018-08-06,100.70323181152344,100.97331439881381,100.17238178971262,100.69392376413319,20265900
2018-08-07,101.40170288085938,101.6065935768358,100.74046924726724,101.10368198817872,16080200
2018-08-08,101.96981811523438,102.2119623389833,101.28996120579619,101.82081120434384,15487500
2018-08-09,102.13745880126953,102.59380891256744,102.07226694328119,102.1747123066028,13677200
2018-08-10,101.5134506225586,102.15606097820206,100.93603210695304,101.90460166278606,18183700
2018-08-13,100.7777328491211,102.05363869854104,100.67528749086361,101.73698747155086,18472500
2018-08-14,102.03502655029297,102.21197894702097,100.61942869261054,101.10371011341806,16788300
2018-08-15,100.6513671875,101.89477913432363,99.86604724625677,101.42732899609312,29982800
2018-08-16,100.63263702392578,101.77321618323383,100.31477444259524,101.24967445740891,21384300
2018-08-17,100.57658386230469,100.87575169642449,99.7445231007614,100.37090463896162,18061500
2018-08-20,99.91280364990234,100.8757498756974,99.5481930815474,100.51113930734245,17914200
2018-08-21,99.08070373535156,100.3615121522731,98.95916217213126,99.95950487265694,22881900
2018-08-22,100.09042358398438,100.35219452609078,98.89375234422752,98.95919507975412,18000600
2018-08-23,100.557861328125,101.13750200894492,99.91278505257374,100.17455596238844,18167700
2018-08-24,101.34317779541016,101.49275811055536,100.55785795955106,100.6606975467793,17234000
2018-08-27,102.46505737304688,102.50245423583472,101.44601960978682,102.15653860458893,19662300
2018-08-28,103.08207702636719,103.30645103144555,102.64267288074468,102.78290930868903,19151500
2018-08-29,104.72750854492188,104.73685954330551,103.09143333115819,103.25971563845418,20818000
2018-08-30,104.66207122802734,105.27910876422654,104.18527727666134,104.40030032153881,22798700
2018-08-31,105.01732635498047,105.43802853251066,104.26005244961607,104.41899088205147,23222700
2018-09-04,104.43768310546875,104.67140811657204,103.04468403645508,103.63366849665572,22634600
2018-09-05,101.42731475830078,104.16657246911899,101.06270427228078,103.78326711859219,32872400
2018-09-06,101.66104125976562,101.89476629944036,100.51111805889028,101.20294217916532,23477600
2018-09-07,101.16555786132812,101.64235899854972,100.24935958651977,101.18425986114555,22498600
2018-09-10,102.2593765258789,102.50245256367332,101.30578150487335,101.75452958556227,20727900
2018-09-11,103.99829864501953,104.32551229600793,101.80128455098578,101.81063555036334,24301800
2018-09-12,104.43768310546875,104.5685685410689,103.31580590526146,104.17591223426847,18891100
2018-09-13,105.55957794189453,106.32619576928528,104.82100597739144,104.82100597739144,26055600
2018-09-14,105.98961639404297,106.3261809672844,105.1201591019561,105.9802653968082,19122300
2018-09-17,104.83969116210938,106.29813295938756,104.57792028903087,106.28878909443571,20736500
2018-09-18,105.8400650024414,106.29816416481069,104.44706551449691,104.886469808753,22170900
2018-09-19,104.42835235595703,105.94289328934735,103.81132191602053,105.6904733668103,21728400
2018-09-20,106.17662048339844,106.39165067803319,104.6433846530241,104.97059831205713,23714500
2018-09-21,106.82170867919922,107.78465483257666,106.12053346467509,106.57863260766838,71229700
2018-09-24,107.20498657226562,107.42001672126165,104.91448431245547,105.67175106731034,27334500
2018-09-25,106.99930572509766,107.60699217196363,106.34487855630121,107.32652644221707,22668000
2018-09-26,106.55992126464844,107.56960799658151,106.33554009513261,107.01802033681302,19352000
2018-09-27,106.9619369506836,107.42938705787255,106.76560162886835,107.30784546506096,19091300
2018-09-28,106.92455291748047,107.1115301297049,106.27946940967634,106.75627057338912,21647800
2018-10-01,108.08380889892578,108.14925162531986,107.2610993195826,107.27979418452853,18883100
2018-10-02,107.65374755859375,108.29882377504829,106.98996934588158,107.79398399963924,20787200
2018-10-03,107.67243957519531,108.6166906450318,107.44806555508815,107.90616459318404,16648000
2018-10-04,105.44739532470703,107.2891498758504,104.3629076596332,107.14891341809464,34821700
2018-10-05,104.83037567138672,105.80267290980474,103.43737612055723,105.2978258552767,29068900
2018-10-08,103.63368225097656,104.73686473510796,102.22198099938893,104.39095623770754,29640600
2018-10-09,104.95189666748047,105.71851453315733,103.58694325457886,103.90480589347598,26198600
2018-10-10,99.2490005493164,104.24136378584687,98.90308493578978,103.99828775653837,61376300
2018-10-11,99.0152816772461,101.83867708785864,97.41659608958696,98.49173272519167,63904300
2018-10-12,102.43702697753906,103.99830878789916,100.14652406450648,101.91348508489695,47742100
2018-10-15,100.59525299072266,102.35286980756491,99.9875664770851,101.8199770164998,32068100
2018-10-16,103.77391052246094,104.15722298503408,101.85736247503853,102.40895723998399,31610200
2018-10-17,103.50279998779297,104.5311887782848,102.41831946793397,104.40965432041513,26548200
2018-10-18,101.43665313720703,103.33449905466777,100.8102718296875,102.93249175692576,32506200
2018-10-19,101.58625030517578,103.64302771289353,101.16554097219588,101.83867019878623,32785500
2018-10-22,102.49309539794922,103.34385791267829,101.19358482953236,102.20327864941244,26545600
2018-10-23,101.06269073486328,101.87605632003812,98.26734167224159,100.75417201641203,43770400
2018-10-24,95.65896606445312,101.4272972530891,94.97648593782955,101.35251067524717,63897800
2018-10-25,101.24969482421875,102.15654202951852,99.23965796149763,99.61361946919126,61646800
2018-10-26,99.99691772460938,101.67038982454461,97.94014027779933,98.80959768988363,55523100
2018-10-29,97.0893783569336,101.62364262080679,95.01389889967187,101.07205496052443,55162000
2018-10-30,96.97720336914062,97.58488280853257,93.5928619906472,96.91176063877276,65350900
2018-10-31,99.856689453125,101.10010844808247,98.52913286271696,98.575880726449,51062400
2018-11-01,99.0246353149414,100.33349712514834,98.66002477868189,100.08107718955445,33384200
2018-11-02,99.2490005493164,100.33348098372329,98.14581811811247,99.5481683035723,37680200
2018-11-05,100.5111083984375,100.72613141994728,99.00591871698308,99.44532289057457,27922100
2018-11-06,100.70744323730469,101.75452681892408,99.36118476639754,100.3895734837974,24340200
2018-11-07,104.67141723632812,104.93318813033584,102.27807519657537,102.31547205753675,37901700
2018-11-08,104.47508239746094,104.90513557198476,103.68976976556216,104.52183025385935,25644100
2018-11-09,102.43702697753906,104.19463699763996,101.67976000672124,103.63369823656294,32039200
2018-11-12,99.91280364990234,102.80164232728748,99.19292638119481,102.29679527893671,33621800
2018-11-13,99.97821807861328,101.66103396386767,99.69774519804339,100.54850770510951,35374600
2018-11-14,98.5604248046875,101.64953487491042,98.09095531979409,101.49930120124732,39495100
2018-11-15,100.72937774658203,101.21763005257165,97.56515780786195,98.57920651350138,38505200
2018-11-16,101.6777114868164,102.23168209273705,100.27869429568618,100.54159608585438,33502100
2018-11-19,98.23178100585938,101.93119505075532,97.22711676442451,101.65890193588527,44773900
2018-11-20,95.49948120117188,96.68254630200273,93.28358467229825,95.58398943299912,64052500
2018-11-21,96.81399536132812,98.05339448435399,95.99711589887684,97.27407343939267,28130600
2018-11-23,96.77645874023438,97.47127171144805,95.77179412759423,95.93141206522462,13823100
2018-11-26,99.96882629394531,100.11905279360539,98.1942323377776,98.3914086480701,32336200
2018-11-27,100.59793090820312,100.77633162298625,98.9266205177189,99.78105134231559,29124500
2018-11-28,104.33489227294922,104.5320685806734,101.2739494787982,101.30211649939663,46788500
2018-11-29,103.46170806884766,104.33492177196197,102.37253520752775,103.59315897782939,28123200
2018-11-30,104.11895751953125,104.19407436771337,102.68238182484856,103.94055679598294,33665600
2018-12-03,105.24565124511719,106.49444162284719,103.96870101185871,106.10008902889084,34732800
2018-12-04,101.89366149902344,105.7620929238423,101.60259268886887,105.10483846106219,45197000
2018-12-06,102.52274322509766,102.5696858730945,98.58858684806724,99.3585164778631,49107400
2018-12-07,98.4195785522461,102.76686322793908,97.93133345962848,101.76219885737783,45044900
2018-12-10,101.02043914794922,101.38663193236731,97.5463678654887,98.4008057565713,40801500
2018-12-11,101.95940399169922,104.17530107031004,100.8796296456831,103.09552672429392,42381900
2018-12-12,102.41946411132812,104.47573557527828,102.38190569307086,104.11894134713806,36183000
2018-12-13,102.7668685913086,104.10016738843781,101.99693891353287,102.88893524348529,31333400
2018-12-14,99.5556869506836,102.58846264392754,99.05805049719504,101.64013238219302,47043100
2018-12-17,96.6074447631836,99.33976102050273,95.49949632330559,98.97357533951684,56957300
2018-12-18,97.62149047851562,98.12851840594288,96.26002460944164,97.41492274917087,49319200
2018-12-19,97.35858154296875,100.35379190765546,95.16146068564656,97.32102312552766,68198200
2018-12-20,95.31172943115234,97.9407551477177,92.74842201487436,96.75769679885552,70334200
2018-12-21,92.23198699951172,96.71072316296683,91.5089999118586,95.42437407212024,111242100
2018-12-24,88.38233947753906,91.98786953314915,88.24150433608091,91.7155763204347,43935200
2018-12-26,94.4197006225586,94.54176727344007,88.22270484724791,89.33065311946527,51634800
2018-12-27,95.00184631347656,95.01123770906963,90.51371913379975,93.23664360938213,49498500
2018-12-28,94.26009368896484,96.15675464256488,93.44321411031098,95.85628725990321,38196300
2018-12-31,95.36802673339844,96.14734776372849,94.30702832248554,95.10512497944023,33173800
2019-01-02,94.94551086425781,95.53703983423571,92.89862363089934,93.4713769735044,35329300
2019-01-03,91.4526596069336,94.07230026436173,91.26486750968624,93.98779202971642,42579100
2019-01-04,95.7060546875,96.25064103887424,92.8892376247817,93.63100031092188,44060600
2019-01-07,95.82811737060547,96.96423276408862,94.81406863856581,95.43376468794914,35656100
2019-01-08,96.52291870117188,97.6214754598207,95.4994716078362,96.74826202418149,31514400
2019-01-09,97.90316772460938,98.47592109556994,96.93606168747353,97.51820645435336,32280800
2019-01-10,97.27406311035156,97.41490537009965,96.12855657091829,96.91726892738666,30067600
2019-01-11,96.52291870117188,97.12383900488757,95.43374617347777,96.88910428738815,28314200
2019-01-14,95.81871795654297,96.5886475707828,95.07695536323924,95.67787568832713,28437100
2019-01-15,98.59799194335938,98.63555036509692,95.65910812334138,96.25064431128698,31587600
2019-01-16,98.9454116821289,99.7716827741918,98.55105893193763,98.83274356123866,29853900
2019-01-17,99.64021301269531,100.11906676298958,98.36325535150462,98.58859871420405,28393000
2019-01-18,101.13313293457031,101.31153366178192,99.44304679698973,100.89839815183382,37427600
2019-01-22,99.22706604003906,100.56035759643368,98.45713640684289,100.23173040486253,32371300
2019-01-23,100.19417572021484,100.50402729675278,98.9078267641104,99.64020517143712,25874300
2019-01-24,99.71533203125,100.46648619532142,98.90784381211118,100.33503529113948,23164800
2019-01-25,100.6260986328125,101.29274451434667,99.71532658675395,100.69182408131483,31225600
2019-01-28,98.6636962890625,99.97821211459153,98.26934369046427,99.77164442098247,29476700
2019-01-29,96.65438842773438,98.56043355954472,95.93140134519747,98.47592531971863,31490500
2019-01-30,99.88432312011719,99.88432312011719,97.95950256692323,98.23179572258725,49471900
2019-01-31,98.05339813232422,98.79516078739206,96.8797244053566,97.46186915280548,55636400
2019-02-01,96.504150390625,97.74354959842645,96.10040632941124,97.44308940149084,35535700
2019-02-04,99.28340148925781,99.33974269685038,96.49475169186938,96.58865131667844,31315100
2019-02-05,100.67305755615234,100.72000021587831,99.48999221258366,99.58388469557289,27325400
2019-02-06,99.5556869506836,100.46645879810303,99.0862175170476,100.46645879810303,20609800
2019-02-07,98.84210968017578,99.14256988671195,97.92195343170592,98.76700000119402,29760700
2019-02-08,99.21768188476562,99.32096574730096,97.89378162682281,98.01584111730276,21461100
2019-02-11,98.82334899902344,100.07213983151424,98.56044717398062,99.7153383573526,18914100
2019-02-12,100.36319732666016,100.59793209581477,99.03929695366725,99.65899301919634,25056600
2019-02-13,100.28807830810547,101.19885033885538,100.19418583518555,100.93594854926499,18394900
2019-02-14,100.37257385253906,100.73875946508515,99.20829157581647,99.81859615436957,21784700
2019-02-15,101.6119613647461,101.68707819042105,100.80447339757738,101.32089261967415,26606900
2019-02-19,101.56503295898438,102.02511824053872,101.19884731107707,101.20823870714902,18038500
2019-02-20,101.03697967529297,101.78191019614155,100.22604301685676,101.70647255486158,21607700
2019-02-21,103.16803741455078,103.23404354646661,100.7729464656884,100.80123378020535,29063200
2019-02-22,104.63902282714844,104.85589700863324,103.55463033734058,103.77151171295334,27763200
2019-02-25,105.22367095947266,105.78001458664166,104.91250327031098,105.38397775015977,23750600
2019-02-26,105.94973754882812,106.77952997973644,104.82762607085932,104.91249521166047,21536700
2019-02-27,105.77056121826172,105.94972378569004,104.55415644840612,105.31794983988131,21487100
2019-02-28,105.6385726928711,106.4400778841205,105.35569231638118,105.64800419699303,29083900
2019-03-01,106.11003112792969,106.57207404218563,105.29909455524368,106.4494932836647,23501200
2019-03-04,105.85546875,106.78898635143074,104.47876391728607,106.57210489143634,26608000
2019-03-05,105.32738494873047,105.97802196526713,104.88420502690705,105.84600970019142,19538300
2019-03-06,105.37454986572266,106.23263690170418,105.07280647602002,105.48770633465986,17687000
2019-03-07,104.0921401977539,105.18596449790623,103.60180988004664,105.04452070817894,25339000
2019-03-08,104.20529174804688,104.39387866269199,102.59284988720334,102.93231208886826,22818400
2019-03-11,106.39292907714844,106.50607834405751,104.6484750023828,104.6578993118723,26491600
2019-03-12,107.13786315917969,107.48674966927081,106.22320151918905,106.3835011154001,26132700
2019-03-13,107.9676513671875,108.43912582730621,107.28872699355584,107.61875767681308,35513800
2019-03-14,108.0525131225586,108.62771253839963,107.80735158351075,108.00536999310908,30763400
2019-03-15,109.29719543457031,110.56074333377478,108.05249615122999,108.75970772905798,54681100
2019-03-18,110.86251068115234,110.90022950344049,109.42923140485169,109.54238067758637,31207600
2019-03-19,110.93792724609375,111.68285765794626,110.31557758778848,111.35281982416888,37588700
2019-03-20,110.81534576416016,111.97517601588878,110.05155949724669,110.69276500346072,28113300
2019-03-21,113.36132049560547,113.92708840968866,110.40988576702044,110.45703609074793,29854400
2019-03-22,110.37218475341797,112.76726891352284,110.36275324893974,112.68240695560898,33624500
2019-03-25,110.94737243652344,111.27740311688991,109.68381715352558,109.91012287804412,27067100
2019-03-26,111.18312072753906,111.93747561570432,110.18358988937837,111.85261365836435,26097700
2019-03-27,110.10813903808594,111.46598774573131,108.92945292217964,111.15481288454106,22733400
2019-03-28,110.25901794433594,110.87193618361312,109.5046559276672,110.73992390981549,18334800
2019-03-29,111.2114028930664,111.56972090878054,110.28730974478412,111.3339836682537,25399800
2019-04-01,112.22978210449219,112.31465125187795,111.36227078749133,112.16377596502755,22789100
2019-04-02,112.39009857177734,112.66355465714027,111.75831724635876,112.26751059212451,18142300
2019-04-03,113.1255874633789,113.55934312007724,112.35236960680717,113.02186250263262,22860700
2019-04-04,112.55038452148438,113.37075267800115,111.62629140744953,113.2481647132274,20112800
2019-04-05,113.05015563964844,113.37076204231228,112.55982532244079,112.57868113712455,15826200
2019-04-08,113.08786010742188,113.17272205392115,111.87145518202885,112.97470365129378,15116200
2019-04-09,112.47492980957031,112.72009850777738,111.81486853839164,111.86201166111681,17612000
2019-04-10,113.3330307006836,113.4838987838796,112.72011247627604,112.9275623855336,16477200
2019-04-11,113.46505737304688,113.9553876983315,113.07844482142642,113.66307580407317,14209100
2019-04-12,114.04967498779297,114.07796949994803,113.50277005300036,113.75736310935815,19745100
2019-04-15,114.14398193359375,114.64374376394268,113.69136323784316,114.04025696569529,15792600
2019-04-16,113.87995910644531,114.70975891478962,113.24818493900547,114.70032740947734,14071800
2019-04-17,114.82289123535156,114.89832887844149,113.66306804789477,114.32312943960761,19300900
2019-04-18,116.33161163330078,116.47304821694931,114.37970764352792,115.21893161244628,27991000
2019-04-22,116.69937133789062,116.92567708563546,115.57725971535044,115.6244100434402,15648700
2019-04-23,118.28347778320312,118.41549001512952,116.76532992192246,117.01992288517278,24025500
2019-04-24,117.87804412841797,118.6701177520763,117.41599398715475,118.61354312013762,31257000
2019-04-25,121.7818603515625,123.87520833001196,121.48012414662702,122.63994741417002,38033900
2019-04-26,122.47962951660156,123.0736919155785,121.65926859478245,122.30046692717944,23654900
2019-04-29,122.36650085449219,122.75309902551402,121.97046398459099,122.48907444557987,16324200
2019-04-30,123.14913940429688,123.24342566693782,122.00816483674551,122.40420167165959,24166500
2019-05-01,120.5843276977539,123.19629352589887,120.41459657286188,123.08314423872461,26821700
2019-05-02,119.00957489013672,120.6974542147161,118.35893787388927,120.67859840291176,27350200
2019-05-03,121.54610443115234,122.04586618465976,119.9902445401588,120.0939694921089,24911100
2019-05-06,120.83890533447266,121.22551786722426,118.91529575720583,119.17932031902167,24239800
2019-05-07,118.35894775390625,119.92424644709857,117.13311844868923,119.24532205940693,36017700
2019-05-08,118.34950256347656,119.16043908412867,117.63285948133856,118.28349643710386,28419000
2019-05-09,118.340087890625,118.61354393709406,116.52019621139443,117.19912057585154,27235800
2019-05-10,119.8770980834961,120.63146012530042,116.75593934393663,117.7837574460418,30915100
2019-05-13,116.31275177001953,118.38724378053425,116.02043989707215,117.0293949877704,33944900
2019-05-14,117.61402893066406,118.69841449765669,116.64278544240783,116.80309223585112,25266300
2019-05-15,119.27029418945312,119.92333970897538,117.07455499335666,117.6045659860419,24722700
2019-05-16,122.02442932128906,122.45033861990113,119.6867299842186,119.96119828663186,30112200
2019-05-17,121.21048736572266,123.47247670167769,121.06851280665214,121.4376235538074,25770500
2019-05-20,119.4595947265625,120.75621221898686,119.02423342348655,119.74352224382403,23706900
2019-05-21,120.1031494140625,120.6994035775605,119.80028912487575,120.60476109108193,15293300
2019-05-22,120.8319320678711,121.37140952746225,119.74352517317477,119.83817490200441,15396500
2019-05-23,119.42172241210938,119.52583132257693,118.05884738108655,119.44064802275825,23603800
2019-05-24,119.47850036621094,120.59529907723608,119.22296492131734,120.11262021235271,14123400
2019-05-28,119.40280151367188,121.14424659247399,119.29869259909569,120.17888155457452,23128400
2019-05-29,118.24813842773438,118.67403326035817,117.39634154172734,118.66456684474714,22763100
2019-05-30,118.99581909179688,119.0242111161258,118.09669740374673,118.55099145528645,16829600
2019-05-31,117.0556411743164,117.9452966417544,116.71492236639381,117.57618580329833,26646800
2019-06-03,113.4212875366211,117.70866383104504,112.63574836875598,117.21651132846343,37983600
2019-06-04,116.56348419189453,116.67705230272183,114.18791919003887,114.78417343416176,29382600
2019-06-05,119.09046936035156,119.12832780218321,117.55723495958803,118.25759808157457,24926100
2019-06-06,120.97389221191406,121.11585957591517,118.8727954428258,119.66780834877599,21459000
2019-06-07,124.36214447021484,125.16662382147912,121.3903250191464,122.27052126336079,33885600
2019-06-10,125.49785614013672,126.89858225139886,124.92998678722414,125.30855672815416,26477100
2019-06-11,125.02466583251953,127.05004581897414,124.24857849751722,126.70932701557426,23913700
2019-06-12,124.44729614257812,124.90158291690891,123.70907471872204,124.3621056386592,17092500
2019-06-13,125.23286437988281,125.87643621960292,124.51356121605596,124.91106401850405,17200800
2019-06-14,125.35589599609375,126.62412132971458,124.5892823905695,125.17607019894228,17821700
2019-06-17,125.7344741821289,126.56733099491748,125.43160665637416,125.52625636855214,14517800
2019-06-18,127.92078399658203,127.99650090004751,126.4159484492027,127.0027363991568,25934500
2019-06-19,128.42237854003906,128.64951477830488,126.64306765217962,127.76933297198339,23744400
2019-06-20,129.61488342285156,130.28686180545876,128.45076691034203,130.08810316111794,33042600
2019-06-21,129.6337890625,130.3530777148311,129.15111022966803,129.26467832174208,36727900
2019-06-24,130.400390625,130.98717830233443,129.66216921109026,129.66216921109026,20628800
2019-06-25,126.28340148925781,130.22059283674932,125.62089680134316,129.89880690855065,33327400
2019-06-26,126.75660705566406,128.46967429978852,126.44429479880031,127.15412426561652,23657700
2019-06-27,126.96485137939453,127.49486962288718,126.35913068549485,126.95539218347378,16557500
2019-06-28,126.78502655029297,127.39074717989898,126.02787215290573,127.36235515362986,30043000
2019-07-01,128.4128875732422,129.3782597801581,127.74092370369236,129.3120165334436,22613500
2019-07-02,129.26470947265625,129.2741686687695,128.09111928617622,128.82934094559278,15237800
2019-07-03,130.0975341796875,130.36253599098285,128.99018764636298,129.47288086384177,13629300
2019-07-05,129.71902465820312,129.9745674241528,128.45079890967702,128.65901680170654,18141100
2019-07-08,129.6243438720703,129.7568448076433,128.11949428193284,129.09432568825954,16779700
2019-07-09,129.15115356445312,129.633832559241,128.52649996541788,128.71578499622555,19953100
2019-07-10,130.46669006347656,131.15758685067715,129.68114355023945,129.78525247227137,24204400
2019-07-11,130.98721313476562,131.76330040995617,130.48560138529655,130.79792813446934,22327900
2019-07-12,131.46044921875,131.67814071562995,130.61811858729732,131.4131387939272,18936800
2019-07-15,131.46044921875,132.06616996000224,131.0440279428754,131.97153466883503,16651500
2019-07-16,129.73789978027344,131.60238633939673,129.20789608780504,131.51721026914663,22726100
2019-07-17,128.97128295898438,130.5423611666668,128.92395810733046,130.32468417887947,20211000
2019-07-18,129.11328125,129.30256627106823,127.45701204299061,128.28988346551648,30381800
2019-07-19,129.3025665283203,133.1356495890438,129.14167353801616,132.7097546804126,48992400
2019-07-22,131.01556396484375,131.73486695791232,129.97448956982046,130.05020643443376,25074900
2019-07-23,131.82952880859375,132.49204789726673,130.63702044371513,132.2743564520087,18034600
2019-07-24,133.18296813964844,133.2019009733516,131.41313088870163,131.46044131067842,20738300
2019-07-25,132.68133544921875,133.07883824522008,131.85793783189592,132.9084716517804,18356900
2019-07-26,133.76971435546875,134.09150022061627,132.78542393221863,132.8516671672708,19037600
2019-07-29,133.4763641357422,133.93065106098615,131.90527106910235,133.9211918647489,16605900
2019-07-30,132.83277893066406,133.65617660823088,132.31223435917718,132.63402029736196,16846500
2019-07-31,128.97128295898438,132.96525782108506,127.84501792060054,132.81382407239946,38598800
2019-08-01,130.66543579101562,133.39118618756504,129.59595452874046,129.66221222604142,40557500
2019-08-02,129.5675506591797,130.91150734243425,128.0153905899837,130.69381587821277,30791600
2019-08-05,125.12875366210938,126.75661606889689,123.77533787288725,126.16036909460607,42749600
2019-08-06,127.4759292602539,128.41289505428475,126.07520294612884,126.63359874440252,32696700
2019-08-07,128.03433227539062,128.38451026328033,124.76911894299722,126.62413224489565,33414500
2019-08-08,131.45095825195312,131.54560796176622,128.6494914747918,129.283618535807,27496500
2019-08-09,130.33416748046875,131.91471944061527,129.15111830896524,131.18595710734402,23466700
2019-08-12,128.51695251464844,130.47608828418208,127.99642258926829,129.72840778738077,20484300
2019-08-13,131.17649841308594,131.3657833929446,127.76931100955711,128.76307520571288,25154600
2019-08-14,127.2261734008789,130.01797271672615,126.93180256641716,129.48620417839447,32527300
2019-08-15,126.94137573242188,127.79601671537941,125.58346693906027,127.61559202487898,28074400
2019-08-16,129.26783752441406,129.58120431754875,127.92891063273218,128.0808486820599,24449100
2019-08-19,131.43289184570312,131.56583400415468,129.98950948993735,130.90112321189693,24355700
2019-08-20,130.3408203125,131.7177384830612,130.32183893013442,131.24294311103452,21170800
2019-08-21,131.7937469482422,132.45847233290272,131.0435763287455,131.56585434971703,14970300
2019-08-22,130.83460998535156,132.18302708696203,129.41971457744535,131.6702544667571,18697000
2019-08-23,126.66592407226562,131.37590110721106,126.10566894309461,130.27437223352774,38508600
2019-08-26,128.6221160888672,128.72657169309943,127.15024693454397,128.18531228179472,20312600
2019-08-27,128.89747619628906,129.82807123718356,127.87191626792048,129.5147044960481,23102100
2019-08-28,128.72654724121094,128.91646253384636,126.81787464237179,128.08083234832893,17393300
2019-08-29,131.15750122070312,131.4613772886196,130.00850425171393,130.33136170666887,20168700
2019-08-30,130.91062927246094,132.16408198648247,129.40078290504013,132.13559541272812,23940100
2019-09-03,129.18231201171875,130.28384069746463,128.85945465232555,129.72358566388158,18869300
2019-09-04,130.6921844482422,130.7491575770367,129.60014635112714,130.37881775026685,17995900
2019-09-05,132.99020385742188,133.30357058236987,131.76522352447913,132.09758612386216,26101800
2019-09-06,132.08810424804688,133.11364970228468,131.23346371670507,132.97121685853156,20824500
2019-09-09,130.58773803710938,132.70532158019003,129.58117405222637,132.55338356634937,25773900
2019-09-10,129.22032165527344,129.98948790786812,127.72945709981468,129.90402821082563,28903400
2019-09-11,129.25828552246094,129.40073282571439,128.28020822979337,129.0588795833526,24726100
2019-09-12,130.58773803710938,131.4423640081517,129.97049528948412,130.9011047570533,27010000
2019-09-13,130.39781188964844,131.1004997882471,129.6856188099734,130.83461553100352,23363100
2019-09-16,129.45773315429688,129.80907716152876,128.82150897030047,128.98293768955858,16731400
2019-09-17,130.4643096923828,130.58776116169005,129.55269593751606,130.05599250868823,17814200
2019-09-18,131.537353515625,131.67978637426282,129.64766214991084,130.43582444346168,23982100
2019-09-19,133.95883178710938,135.193288702415,133.00924062788278,133.22764253741377,35772100
2019-09-20,132.41098022460938,134.50956836095045,131.28096454060585,133.90183065984053,39167300
2019-09-23,132.1260986328125,132.59140346538697,131.4613877931415,132.21155835013957,17139300
2019-09-24,130.45480346679688,133.59794705126728,129.98000801320057,133.28458031314085,29773200
2019-09-25,132.33499145507812,132.90475180405903,129.17285194640993,130.56875176076636,21382000
2019-09-26,132.5059051513672,133.11364273558647,131.461363876094,132.41095475703705,17456600
2019-09-27,130.7871551513672,133.28458394195326,129.76159520492433,133.08516347058614,22477700
2019-09-30,132.02163696289062,132.20206157313044,130.8346482003748,131.0910418301687,17280900
2019-10-01,130.16043090820312,133.18012299872427,130.09395259055418,132.61986784828525,21466600
2019-10-02,127.8624267578125,129.49572449323293,126.84637188741554,129.38177820598335,30521700
2019-10-03,129.41024780273438,129.8565566887308,126.50450194215004,128.1472901561496,24132900
2019-10-04,131.15750122070312,131.28095268449525,129.54319945631997,129.8565662177557,22897700
2019-10-07,130.20790100097656,131.21446504769122,130.11295060369838,130.22689687627516,15303700
2019-10-08,128.83102416992188,130.81566611254607,128.78354171649428,130.16995111268403,25550500
2019-10-09,131.27145385742188,131.70825756597702,130.0654693332146,130.53077409977837,19749900
2019-10-10,132.08810424804688,132.6293635439164,131.28094616115868,131.50885320077137,17654600
2019-10-11,132.6388702392578,133.9208239461287,132.46795080613342,133.05669261748565,25446000
2019-10-14,132.51541137695312,133.2180993610355,132.4869248094691,132.64835352174765,13304300
2019-10-15,134.43360900878906,134.64250570485018,132.7623195234264,132.99971728081456,19695700
2019-10-16,133.33206176757812,133.88282622841803,132.49641713877173,133.69289645670221,20751600
2019-10-17,132.6483612060547,134.29114948109813,132.01213701270964,133.84484057851748,21460600
2019-10-18,130.4832763671875,132.94271308169343,129.67611838477774,132.714806071581,32273500
2019-10-21,131.45184326171875,131.51832157059167,130.10342610783425,131.47083913419746,20078200
2019-10-22,129.4957275390625,132.9522383998219,129.39127194342376,131.96467007800905,27431000
2019-10-23,130.32186889648438,130.52127488440848,128.77403099109242,129.9800155704349,29844600
2019-10-24,132.88580322265625,133.3416029702958,131.67981826554694,132.36352513181262,37029300
2019-10-25,133.6359405517578,134.02527634852518,132.18306744636646,132.31600960994447,25959700
2019-10-28,136.92152404785156,138.32691462395135,136.2757946547625,137.12093003702898,35280100
2019-10-29,135.6300506591797,137.2158654974565,135.4591167869411,136.81703911504002,20589500
2019-10-30,137.3203887939453,137.69072879525842,135.59212579474263,136.28533782740516,18496600
2019-10-31,136.142822265625,137.624181528983,135.7819876307077,137.59569496542653,24605100
2019-11-01,136.47520446777344,137.13991519576365,135.7630112971538,136.9879771751924,33128400
2019-11-04,137.26336669921875,137.69067970382642,136.89302682994446,137.52925099051274,16912000
2019-11-05,137.1779327392578,137.70970142163839,136.6556547513448,137.66221897008086,18250200
2019-11-06,136.79808044433594,137.23489869030976,135.9814315850355,137.09245134310544,16575800
2019-11-07,136.98797607421875,137.57673227679868,136.52268581316872,136.58914964062998,17786700
2019-11-08,138.60231018066406,138.6307967517924,136.51319836719344,136.7221095485405,16732700
2019-11-11,138.7447052001953,139.03907601465156,137.43426532721728,138.01351626487806,14362600
2019-11-12,139.6563720703125,140.13116762724218,138.6972757719638,138.90618697618171,18641600
2019-11-13,139.88421630859375,140.02666362019724,138.90613895859283,139.34295709539586,16919200
2019-11-14,140.59645080566406,140.92881347435278,139.58988659481452,139.60888247321068,19729800
2019-11-15,142.41014099121094,142.42913686530844,140.79583944347996,141.42255839263225,23485700
2019-11-18,142.761474609375,142.96089504891106,141.47003056698543,142.5050955308928,21534000
2019-11-19,142.80902099609375,143.70163904873007,142.62859634848277,143.27432590363725,23935700
2019-11-20,142.561279296875,143.72372375913397,141.45601638988614,143.21872906278227,25696800
2019-11-21,142.42782592773438,142.73273594092774,141.49406445542158,142.35159842443605,18576100
2019-11-22,142.53265380859375,143.20916389367204,141.79899126290977,142.9900188825529,15901800
2019-11-25,144.09532165527344,144.20967022511317,142.84712668796502,142.923354221553,22420900
2019-11-26,144.85757446289062,145.22917458181513,144.18107876534543,144.21918526058002,24620100
2019-11-27,145.1338653564453,145.3053663511661,144.371604789116,145.14338834318167,15184400
2019-11-29,144.23822021484375,145.11481483903017,144.14293218527285,144.92425331880042,11977300
2019-12-02,142.49456787109375,144.66700139949754,141.32260059525015,144.64794088393936,27418400
2019-12-03,142.26588439941406,142.38021841421164,139.73137378603624,140.53175550635945,24066000
2019-12-04,142.78042602539062,143.09484458696343,142.1610828133107,143.0567380924715,17574700
2019-12-05,142.85659790039062,143.22821244403687,142.42783090091206,142.97094642878568,17869100
2019-12-06,144.59075927734375,144.7050932813221,143.1805865856001,143.8666196872942,16403500
2019-12-09,144.21917724609375,145.02908197923892,143.7904101386873,143.94286518898278,16687400
2019-12-10,144.0,144.72413951861668,143.64744595765785,144.15244047729627,16476100
2019-12-11,144.54315185546875,144.705129915082,143.23778984987527,144.3906967856272,18856600
2019-12-12,146.01048278808594,146.20104432503584,143.89521628844162,144.49548440288808,24612100
2019-12-13,147.23965454101562,147.58267121040953,145.61985925623435,145.7818373308208,23845400
2019-12-16,148.19241333007812,148.5449528386405,147.51591781154434,147.79222981089387,24144200
2019-12-17,147.39208984375,148.3639726997511,147.16340724853941,148.11622958687752,25425600
2019-12-18,147.08717346191406,148.14480679405008,146.90613489910209,147.02048346130223,24129200
2019-12-19,148.3639678955078,148.42113490773053,146.49642977571608,146.73463535258716,24958900
2019-12-20,149.98377990722656,151.01282986059556,148.91660891544598,149.92661288852543,53477500
2019-12-23,149.98377990722656,150.66027568041153,149.85038535061852,150.66027568041153,17718200
2019-12-24,149.95516967773438,150.26960276347876,149.70742658895256,150.05044317895428,8989200
2019-12-26,151.18429565429688,151.2414626596643,149.9742073980059,150.12666243826092,14520600
2019-12-27,151.4606170654297,152.02277865091648,150.75552343248725,151.92749061927938,18412800
2019-12-30,150.15524291992188,151.51778618905448,149.33581526867843,151.48920268694584,16348400
2019-12-31,150.2600555419922,150.3267600735649,149.06902781173082,149.37393788935583,18369400
2020-01-02,153.04229736328125,153.14710838701015,150.86034091881393,151.2891080017366,22622100
2020-01-03,151.13665771484375,152.4039130274651,150.60307959140601,150.8508226765117,21116200
2020-01-06,151.52734375,151.59404829608147,149.12622725263657,149.66934299444563,20813700
2020-01-07,150.14572143554688,152.13711630992105,149.89799290182077,151.8036372690105,21634100
2020-01-08,152.5373077392578,153.21381792157746,150.49826874289445,151.43203046001807,27746500
2020-01-09,154.44296264648438,154.5668341975591,153.432973337792,154.2047570722111,21385000
2020-01-10,153.7283172607422,155.51962749773685,153.57586223229333,155.13850446552647,20725900
2020-01-13,155.57679748535156,155.60538098637048,153.6520926962427,154.12850376510744,21626500
2020-01-14,154.48104858398438,155.8816982056142,154.09038804158996,155.6815991715623,23477400
2020-01-15,155.48153686523438,156.2056911224707,154.90032921611618,154.94795870026942,21417900
2020-01-16,158.3304443359375,158.39714886065596,156.2914056528102,156.59631569910385,23865400
2020-01-17,159.21658325195312,159.56912278652388,157.62535750547391,159.5214787723871,34371700
2020-01-21,158.64492797851562,160.25520014428386,158.57822343251772,158.81642903008304,29517200
2020-01-22,157.88259887695312,159.58815835968804,157.86353836649482,159.50239333208037,24138800
2020-01-23,158.8545379638672,158.93076549395,157.472948511039,158.34954329861904,19680800
2020-01-24,157.25376892089844,159.62630142430766,156.69160731427516,159.6072409094811,24918100
2020-01-27,154.62396240234375,155.6720724816621,152.6420907771214,153.54726882439954,32078100
2020-01-28,157.65396118164062,157.9397961988569,155.37671679803938,156.05321239066768,24899900
2020-01-29,160.11221313476562,160.7887231968926,157.873090009148,159.92165162986998,34754500
2020-01-30,164.62863159179688,165.83871995253386,162.73251002961166,165.83871995253386,51597500
2020-01-31,162.19891357421875,164.26653593393684,161.5795849806354,164.0855119347184,36142700
2020-02-03,166.15310668945312,166.26744067815594,162.36086462316248,162.3894481203382,30107000
2020-02-04,171.62228393554688,172.11775541742165,167.99203465439794,168.78287861274703,36433300
2020-02-05,171.41268920898438,175.5098271284707,169.99299359122742,175.34784911686342,39186300
2020-02-06,174.9667510986328,175.14778964892244,171.56516875202502,172.43224047240506,27751400
2020-02-07,175.21446228027344,176.87237803350294,173.8709795770829,174.22353365441194,33529100
2020-02-10,179.79754638671875,179.93094091327686,174.60466830003907,174.91910137097884,35844300
2020-02-11,175.73855590820312,181.7032185630636,174.84290057629974,181.6555745379573,53159900
2020-02-12,175.99581909179688,177.0820359671832,173.27074664457643,176.82476986701107,47062900
2020-02-13,175.04296875,177.44407017098868,174.2425870707578,174.4426861252965,35295800
2020-02-14,176.60562133789062,176.66278835038204,174.03298946445904,174.60468866720265,23149500
2020-02-18,178.3968963623047,178.84472395923498,176.748518027873,176.85332905138674,27792200
2020-02-19,178.9319610595703,179.7918375754249,178.15806927957598,179.67719126094454,29997500
2020-02-20,176.19944763183594,178.9033016844323,173.02744473692812,178.61667131607516,36862400
2020-02-21,170.62930297851562,175.32044201019235,169.34903730957274,175.00515009256466,48572600
2020-02-24,163.2725067138672,166.76936419311608,155.95395089540565,160.29158667444042,68311100
2020-02-25,160.57823181152344,167.0464463520378,160.17694061961805,166.4349751443764,68073300
2020-02-26,162.58460998535156,165.53686863762786,160.71198584638833,162.14512281296396,56206100
2020-02-27,151.1290740966797,159.5845886377362,150.93799206981453,156.0399711167215,93174900
2020-02-28,154.78834533691406,156.41257893669868,145.2245496509673,145.61627726402705,97012700
2020-03-02,165.0878143310547,165.21202419730741,155.07496835569077,157.94124222707768,71030800
2020-03-03,157.17691040039062,167.19932064021432,155.02720484930217,166.0528139286919,71677000
2020-03-04,162.9476776123047,163.09098547891745,158.23742648844703,160.97950515816524,49814400
2020-03-05,158.8584747314453,163.2534197641911,158.30432663584648,158.648280123507,47817300
2020-03-06,154.3679962158203,155.83934403403944,149.0462729344585,155.36163162078796,72821100
2020-03-09,143.90606689453125,150.71824982433446,143.31370823233073,144.2691329538796,70419300
2020-03-10,153.74693298339844,153.85203027808083,145.77869489842615,151.10996619676231,65354400
2020-03-11,146.78187561035156,150.67044587719957,144.41241227286622,150.12586147449383,56371600
2020-03-12,132.86135864257812,146.62903229571248,132.40275886102268,138.82321411729578,93226400
2020-03-13,151.75010681152344,154.69281663620373,134.45691391450814,140.92514321386426,92727400
2020-03-16,129.3836212158203,142.69269590574396,128.98234455995768,133.75946843254872,87905900
2020-03-17,140.03662109375,140.92515916737005,128.9823490684404,133.75947310801226,81059800
2020-03-18,134.14158630371094,139.49196902943882,129.0014127008823,131.84857346618188,81593200
2020-03-19,136.3486785888672,143.4570268009298,132.8040461931456,136.40600174385253,85922700
2020-03-20,131.22756958007812,140.54295907078898,129.803981732681,139.4919862198754,84866200
2020-03-23,129.9186553955078,134.3040661443452,126.61289387434711,130.90274173665898,78975200
2020-03-24,141.72769165039062,142.93153606152444,134.97284683336954,137.34229592629205,82516700
2020-03-25,140.37100219726562,147.45070307732973,138.00155290473782,142.2723026936915,75638200
2020-03-26,149.15133666992188,149.67682312192036,141.75634492932605,141.78500650137846,64568100
2020-03-27,143.0270538330078,147.98570963603433,142.54934155261793,144.9856770983307,57042300
2020-03-30,153.08766174316406,153.44117871744695,143.32322230231085,145.64491139074642,63420300
2020-03-31,150.68003845214844,157.43488361684436,149.581291281011,152.29469397697127,77927200
2020-04-01,145.32962036132812,150.71821392418917,144.09712917869655,146.17994757781898,57969900
2020-04-02,148.3392333984375,148.54942799833736,143.6576582085742,145.09079525591488,49630700
2020-04-03,146.97300720214844,150.36476835330978,145.40611102300753,148.1864008500804,41243300
2020-04-06,157.90304565429688,159.07821396372586,150.5558273134224,153.173696262992,67111700
2020-04-07,156.20236206054688,162.42217051857202,155.98260392147316,162.03044296139336,62769000
2020-04-08,157.76930236816406,159.24065015003603,156.21195527427565,158.28522534713525,48318200
2020-04-09,157.77883911132812,159.90943217427318,156.0495226849944,158.9444584466096,51385100
2020-04-13,158.13233947753906,158.1896772065364,155.06543430358326,157.02405788686883,41905300
2020-04-14,165.95729064941406,166.00506480681028,160.51137201464246,161.46679684806296,52874300
2020-04-15,164.21836853027344,165.83303827576904,161.69604842105207,163.5686722862053,40940800
2020-04-16,169.1483917236328,169.37769891247757,165.19293383246543,166.5305372327894,50479600
2020-04-17,170.63890075683594,171.97648984641253,168.03058016422008,171.49877737461694,52765600
2020-04-20,167.25662231445312,170.7821412981668,167.1897501756673,168.7566458819154,36669600
2020-04-21,160.33937072753906,165.92859614684912,158.7055881719727,165.76617570683052,56203700
2020-04-22,165.78529357910156,166.2438933407857,163.20564987402096,163.75023435752894,34620200
2020-04-23,163.7788848876953,167.2566298847578,163.2916235849264,166.3489794210326,32790800
